{
    "name": "RGBControler",
    "keywords": "led, colors",
    "description": "Arduino Library for IoT Laboratory",
    "repository":
    {
        "type": "git",
        "url": "https://example.com/RGBControler.git"
    },
    "authors":
    [
        {
            "name": "Mikolaj Jastrzebski",
            "email": "266858@student.pwr.edu.pl",
            "url": "http://mikolaj.jastrzebski.example.com",
            "maintainer": true
        }
    ],
    "version": "1.0.0",
    "homepage": "hhttps://example.com/RGBControler",
    "frameworks": "arduino",
    "platforms": "*"
}